{
    "kango_version": "1.3.1 ba4b80d08b67", 
    "content_scripts": [
        "todo.js"
    ], 
    "description": "Extension description", 
    "creator": "Kango", 
    "kango_package_id": "dev", 
    "background_scripts": [
        "main.js"
    ], 
    "homepage_url": "https://github.com/centime/resonance", 
    "version": "0.0.1", 
    "browser_button": {
        "caption": "Resonance", 
        "tooltipText": "Resonance", 
        "icon": "icons/logo_pourri.jpe"
    }, 
    "id": "adghacjdehfbjjfkehmmjmgjkpgjdebp", 
    "name": "Resonance"
}